"id","neighbourhood","host_name","room_type","price","availability_365"
709711088335970125,"Downtown/Civic Center","Kalven","Private room",188,1
759582317496042382,"Noe Valley","Yuval","Entire home/apt",289,1
22032836,"Pacific Heights","Jan","Entire home/apt",95,1
897892000962147732,"Bayview","Malcolm","Entire home/apt",145,1
5548977,"Outer Richmond","Todd And Tatyana","Entire home/apt",400,1
22032808,"Pacific Heights","Jan","Entire home/apt",95,1
894503999773290513,"South of Market","Vanessa","Entire home/apt",286,1
42434867,"Haight Ashbury","Jan","Entire home/apt",95,1
32748600,"Ocean View","Yusuke","Private room",35,1
10578137,"Noe Valley","Danna","Entire home/apt",282,1
49060748,"Downtown/Civic Center","Kim","Entire home/apt",250,1
42624438,"Downtown/Civic Center","Jim","Entire home/apt",144,1
28009722,"Western Addition","Nancy","Private room",111,1
9075976,"Parkside","Read","Entire home/apt",158,1
18878559,"Lakeshore","Felix","Private room",65,1
583363648108323563,"Bernal Heights","Brittany","Entire home/apt",275,1
49229182,"Financial District","Churchill","Entire home/apt",429,1
625284606571712261,"Noe Valley","Jim","Entire home/apt",486,1
53416582,"Inner Richmond","Jan","Entire home/apt",110,1
10831610,"Pacific Heights","Donald","Entire home/apt",575,1
861669030409805175,"Downtown/Civic Center","Michael","Entire home/apt",90,1
37048608,"Downtown/Civic Center","Kim","Entire home/apt",199,1
846570912290154064,"Outer Richmond","Tucker","Entire home/apt",199,1
24379811,"Lakeshore","Karen","Entire home/apt",148,1
37530012,"Chinatown","Michael","Entire home/apt",95,1
37530303,"Nob Hill","Michael","Entire home/apt",95,1
10965525,"West of Twin Peaks","Mike","Entire home/apt",225,1
798676003397519401,"Mission","Deniz","Entire home/apt",200,1
49639075,"Parkside","Kinsley","Entire home/apt",130,1
37783256,"Nob Hill","Michael","Entire home/apt",95,1
30851994,"Potrero Hill","Terri","Entire home/apt",220,1
53495313,"Inner Sunset","Jan","Entire home/apt",115,1
14355639,"North Beach","Brian & Sara","Entire home/apt",201,1
31672520,"Haight Ashbury","Jan","Entire home/apt",125,1
18345958,"Bernal Heights","Matt","Entire home/apt",1200,1
38956896,"Downtown/Civic Center","Michael","Entire home/apt",95,1
610412908350500754,"Mission","Minhao","Private room",98,1
30676362,"Lakeshore","Felix","Private room",65,1
21679018,"Bernal Heights","Rajiv","Entire home/apt",189,1
550264519684293353,"Castro/Upper Market","James","Entire home/apt",625,1
51497434,"Downtown/Civic Center","CitizenM San Francisco","Private room",179,1
54308591,"Downtown/Civic Center","Jim","Entire home/apt",100,2
26095551,"Twin Peaks","Aaron","Entire home/apt",263,2
31057117,"Mission","John","Private room",114,2
36854594,"Russian Hill","Jim","Entire home/apt",166,2
36944347,"Russian Hill","Jim","Entire home/apt",605,2
739864522530112283,"Mission","Ryan","Entire home/apt",280,2
882612527072926630,"Russian Hill","Zeus SF","Entire home/apt",249,2
599226951931628207,"Downtown/Civic Center","Michael","Entire home/apt",150,2
21322334,"Excelsior","Lajja","Entire home/apt",149,2
40507758,"Bernal Heights","Benjamin","Entire home/apt",350,2
42525879,"Bernal Heights","Susan","Entire home/apt",245,2
49592921,"Bernal Heights","Nina","Entire home/apt",380,2
4948327,"Inner Richmond","B.","Private room",61,2
1036860,"Russian Hill","Kowang","Entire home/apt",270,2
49636117,"Parkside","Sarah","Entire home/apt",329,2
32823963,"Russian Hill","Michelle","Entire home/apt",282,2
40139205,"South of Market","Ryan","Private room",133,2
779184567234466847,"Mission","Justin","Entire home/apt",500,2
43157614,"Downtown/Civic Center","Kim","Entire home/apt",200,2
46877156,"Ocean View","Yusuke","Private room",27,2
31336364,"Downtown/Civic Center","Christine","Private room",199,2
47982211,"Russian Hill","William","Entire home/apt",213,2
4429475,"Inner Sunset","Mike","Entire home/apt",385,2
32501596,"Downtown/Civic Center","Jim","Entire home/apt",172,2
673364219742639674,"Mission","Minhao","Private room",98,2
581274670889993106,"Downtown/Civic Center","Jim","Entire home/apt",96,2
31266646,"Downtown/Civic Center","Jim","Entire home/apt",165,2
635865897984255646,"Downtown/Civic Center","Christine","Private room",200,2
1575184,"Outer Mission","Miles","Entire home/apt",191,2
297897,"Outer Sunset","Monchaya","Entire home/apt",206,2
2478558,"Downtown/Civic Center","Dave","Private room",219,2
947307205885846005,"Pacific Heights","Aaron","Entire home/apt",1121,2
30801321,"Downtown/Civic Center","Laurence","Private room",585,3
49115658,"Castro/Upper Market","Cory","Entire home/apt",395,3
52148168,"Bernal Heights","Daikha","Entire home/apt",195,3
10661953,"Bernal Heights","Rob","Private room",90,3
1309496,"Western Addition","Roy","Entire home/apt",350,3
873131799476269949,"Russian Hill","Amanda","Entire home/apt",224,3
621365334579005523,"Downtown/Civic Center","William","Entire home/apt",172,3
947939807753536908,"South of Market","Ebrahim","Entire home/apt",205,3
599282510275955875,"Downtown/Civic Center","Michael","Entire home/apt",130,3
552258065453023271,"Castro/Upper Market","Ashish","Entire home/apt",166,3
35831509,"Downtown/Civic Center","Michael","Entire home/apt",99,3
580089768690576767,"Downtown/Civic Center","Jim","Entire home/apt",87,3
12999869,"Potrero Hill","Sarah & Pankaj","Private room",814,3
31072163,"Western Addition","Portia","Entire home/apt",155,3
31957066,"Inner Sunset","Kameh","Private room",68,3
31440773,"Downtown/Civic Center","Laurence","Private room",550,3
867435455159430415,"Downtown/Civic Center","Michael","Entire home/apt",91,3
852207511090529721,"Outer Sunset","Strauss","Private room",73,3
142177,"Outer Richmond","Noreen","Entire home/apt",395,3
2965433,"Russian Hill","Sharon","Entire home/apt",362,3
780507157786474013,"Downtown/Civic Center","Bailey","Entire home/apt",375,3
31441024,"Downtown/Civic Center","Laurence","Private room",298,3
30803785,"Downtown/Civic Center","Laurence","Private room",385,3
30800214,"Downtown/Civic Center","Laurence","Private room",585,3
22015376,"Castro/Upper Market","Todd","Entire home/apt",299,3
744506097413907572,"Inner Richmond","Esmeralda","Entire home/apt",635,3
40898375,"Russian Hill","William","Entire home/apt",188,3
915058,"Bernal Heights","Jeannie (And Skate)","Entire home/apt",867,3
28803800,"Mission","Pete","Private room",106,3
705896643799714466,"Downtown/Civic Center","Laurence","Private room",650,3
7808104,"Mission","Nat","Entire home/apt",300,3
48944113,"Russian Hill","William","Entire home/apt",213,3
37155033,"Downtown/Civic Center","William","Private room",172,4
32105504,"Inner Sunset","Christiaan","Entire home/apt",599,4
939292684869749574,"Chinatown","Michael","Entire home/apt",164,4
504146,"Marina","Laura","Entire home/apt",325,4
939284436485368140,"Chinatown","Michael","Entire home/apt",164,4
915282958610387164,"Pacific Heights","Aaron","Entire home/apt",886,4
1598872,"Western Addition","Teresa","Entire home/apt",235,4
867448141100054408,"Chinatown","Michael","Entire home/apt",91,4
867444634246754664,"Financial District","Michael","Entire home/apt",91,4
2468125,"Downtown/Civic Center","Dave","Private room",219,4
3060471,"Western Addition","Avram","Entire home/apt",77,4
775557950936909442,"Downtown/Civic Center","Drew","Entire home/apt",154,4
774633336375822556,"Downtown/Civic Center","Laurence","Private room",1000,4
774631879631246807,"Downtown/Civic Center","Laurence","Private room",1000,4
774630554233338025,"Downtown/Civic Center","Laurence","Private room",1000,4
774629074398994911,"Downtown/Civic Center","Laurence","Private room",1000,4
774627774850751524,"Downtown/Civic Center","Laurence","Private room",1000,4
774626404715965232,"Downtown/Civic Center","Laurence","Private room",1000,4
774625085734074571,"Downtown/Civic Center","Laurence","Private room",1000,4
774623004551822133,"Downtown/Civic Center","Laurence","Private room",1000,4
774304380267401610,"Downtown/Civic Center","Laurence","Private room",1000,4
756033628725964134,"Downtown/Civic Center","Laurence","Entire home/apt",1000,4
740854796329815512,"Downtown/Civic Center","Samantha","Private room",172,4
732271433893542082,"Downtown/Civic Center","Samantha","Entire home/apt",172,4
726193058756426093,"Downtown/Civic Center","Samantha","Entire home/apt",172,4
720955756415098867,"Downtown/Civic Center","Samantha","Private room",172,4
709701232954159933,"Downtown/Civic Center","Kalven","Private room",184,4
708721776503129842,"Downtown/Civic Center","Samantha","Private room",172,4
954536562110561560,"Outer Richmond","Irina","Entire home/apt",156,4
697388719573829473,"Mission","Minhao","Private room",98,4
10747219,"Nob Hill","Supada","Entire home/apt",195,4
621382296387496368,"Downtown/Civic Center","William","Private room",172,4
618293864038603984,"Outer Richmond","Sandy","Entire home/apt",159,4
592950954865791900,"Castro/Upper Market","Josh","Entire home/apt",300,4
580095162306335610,"Downtown/Civic Center","Jim","Entire home/apt",150,4
559735385697431438,"Downtown/Civic Center","Michael","Entire home/apt",118,4
14404663,"Outer Mission","Martina","Entire home/apt",1000,4
53192747,"Downtown/Civic Center","Jim","Entire home/apt",96,4
53114925,"Chinatown","Travis","Entire home/apt",151,4
52880170,"Western Addition","Jules","Entire home/apt",321,4
49345149,"Mission","Josh","Entire home/apt",109,4
48975571,"Downtown/Civic Center","Kalven","Private room",177,4
48905338,"Downtown/Civic Center","Kalven","Entire home/apt",184,4
48382323,"Downtown/Civic Center","Dan","Private room",312,4
48047926,"Downtown/Civic Center","Kalven","Private room",184,4
47578229,"Seacliff","Amy","Entire home/apt",167,4
45369733,"Downtown/Civic Center","Drew","Entire home/apt",158,4
44394000,"Mission","Mark","Entire home/apt",450,4
42815848,"Downtown/Civic Center","William","Private room",172,4
42692601,"Downtown/Civic Center","William","Private room",172,4
42067678,"Downtown/Civic Center","William","Private room",172,4
41415290,"Downtown/Civic Center","William","Private room",172,4
41086899,"Downtown/Civic Center","William","Private room",172,4
40821231,"Outer Sunset","Sonja","Entire home/apt",225,4
22245431,"Potrero Hill","Rose","Entire home/apt",188,4
23599466,"Nob Hill","Michael","Entire home/apt",60,4
24065926,"Downtown/Civic Center","Michael","Entire home/apt",95,4
24499851,"Nob Hill","Michael","Entire home/apt",95,4
35649320,"South of Market","Zeus","Entire home/apt",146,4
34066697,"Downtown/Civic Center","Jim","Entire home/apt",118,4
33451620,"Haight Ashbury","Jan","Entire home/apt",110,4
33185972,"Russian Hill","Michelle","Entire home/apt",257,4
32478529,"Downtown/Civic Center","Jim","Entire home/apt",265,4
14804950,"Bernal Heights","Angela","Entire home/apt",122,5
1827177,"Castro/Upper Market","Ashish","Private room",80,5
589763624427011021,"Inner Sunset","Maggie","Entire home/apt",270,5
36566892,"Russian Hill","Extra Holidays®","Private room",241,5
13735664,"Twin Peaks","Linda","Private room",168,5
1970257,"Mission","Eoin & Susie","Entire home/apt",450,5
53175347,"Mission","No’eau","Entire home/apt",193,5
705217476865520271,"Downtown/Civic Center","William","Entire home/apt",98,5
41591955,"Downtown/Civic Center","Michael","Entire home/apt",75,5
40590422,"North Beach","Zhuo","Private room",900,5
749400625755500704,"West of Twin Peaks","Sam","Entire home/apt",124,5
34693459,"Bernal Heights","Tony","Private room",98,5
32293596,"Mission","Michael","Entire home/apt",387,5
39991317,"North Beach","Zhuo","Entire home/apt",900,5
22495406,"Castro/Upper Market","Jay & Kevin","Private room",109,5
668347386125270923,"Noe Valley","Jaime","Entire home/apt",161,5
39956343,"Downtown/Civic Center","William","Entire home/apt",98,5
23293823,"South of Market","Niels","Private room",101,5
7983070,"Presidio Heights","Amy& Michael","Entire home/apt",382,5
916642911820095300,"Russian Hill","Jennifer","Entire home/apt",155,5
637696165698684462,"Western Addition","Timothy","Entire home/apt",402,5
821038767329256107,"Western Addition","Nadim","Entire home/apt",420,5
37296448,"North Beach","Kim","Hotel room",900,5
918219062031136120,"Castro/Upper Market","Serhan","Entire home/apt",248,5
939871840427713854,"Marina","Ensemble Five","Entire home/apt",202,5
2279254,"Downtown/Civic Center","Dave","Private room",219,6
51293489,"Bernal Heights","Greg","Entire home/apt",380,6
37859014,"Bernal Heights","Jane & Rob","Entire home/apt",118,6
757447047903551060,"Downtown/Civic Center","Daniel","Entire home/apt",86,6
531151,"Bernal Heights","Jennifer","Entire home/apt",449,6
38077792,"Downtown/Civic Center","Jim","Entire home/apt",106,6
669076570649795274,"Outer Sunset","Charney","Private room",111,6
41055,"Castro/Upper Market","Chas","Entire home/apt",140,6
8344020,"Financial District","Lily","Entire home/apt",1150,6
39952962,"Outer Richmond","Julita","Entire home/apt",127,6
39340543,"Western Addition","Aaron","Entire home/apt",650,6
703741145192373477,"Outer Richmond","Sara","Entire home/apt",300,6
32717018,"Russian Hill","Michelle","Entire home/apt",282,6
3325856,"Castro/Upper Market","Daniell","Private room",244,6
902501291235920080,"Financial District","Uriah","Private room",250,6
409549,"Bernal Heights","Mary","Entire home/apt",201,6
53634136,"Downtown/Civic Center","Jim","Entire home/apt",96,7
6885422,"Noe Valley","Irene","Entire home/apt",375,7
21279801,"Bernal Heights","Angela","Entire home/apt",320,7
6609412,"Noe Valley","Stephanie","Entire home/apt",750,7
32717493,"Russian Hill","Michelle","Private room",298,7
970585764773485914,"Castro/Upper Market","Mark","Private room",79,7
37180404,"Outer Sunset","Kathleen","Private room",116,7
1868880,"Pacific Heights","Scott","Entire home/apt",995,7
12835527,"Bernal Heights","Traci","Entire home/apt",85,7
46221320,"Russian Hill","Rouslan","Entire home/apt",120,7
597835925307239738,"Downtown/Civic Center","Michael","Entire home/apt",140,7
14982928,"Downtown/Civic Center","Daniel","Private room",88,7
612287790306920303,"West of Twin Peaks","Jaco","Entire home/apt",160,7
10632584,"Bernal Heights","Jennifer","Entire home/apt",375,7
9608262,"Mission","Mike","Entire home/apt",189,7
32870699,"Russian Hill","Michelle","Private room",226,7
962973699486845355,"Outer Sunset","Steve","Entire home/apt",128,8
872730229755078105,"Marina","Stephen","Entire home/apt",279,8
45975078,"Western Addition","Kacie","Entire home/apt",521,8
9903046,"Mission","Graham","Entire home/apt",560,8
1160508,"Ocean View","Debolina","Entire home/apt",150,8
51386434,"Outer Sunset","Victoria","Entire home/apt",155,8
4558898,"South of Market","J","Entire home/apt",358,8
872715702649975771,"Outer Mission","Ashima","Entire home/apt",297,8
4855686,"Visitacion Valley","Heather","Entire home/apt",189,8
45798438,"Ocean View","Pedro","Private room",70,8
587833010154469060,"North Beach","Elizabeth","Entire home/apt",90,8
568161,"Outer Mission","Beth","Private room",72,8
6238514,"Noe Valley","Michael","Entire home/apt",375,8
21045694,"Crocker Amazon","Gordon","Entire home/apt",87,8
10280573,"Mission","Bradley","Entire home/apt",197,8
1083810,"Noe Valley","Kat","Entire home/apt",375,9
34836860,"Outer Mission","Fei","Private room",99,9
671787174368199202,"Ocean View","Dean","Entire home/apt",170,9
18529703,"Noe Valley","James","Entire home/apt",525,9
873264358875252612,"Parkside","Jessica","Private room",108,9
34039991,"Pacific Heights","Bart","Entire home/apt",625,9
18873809,"Parkside","Ryan And Meghan","Entire home/apt",200,9
7764531,"Castro/Upper Market","Jinsoo","Entire home/apt",113,9
7596529,"Mission","Jonathan","Entire home/apt",575,9
31762328,"Visitacion Valley","Paul","Private room",90,9
876537199524512319,"Inner Sunset","C.J.","Private room",200,9
747765478236788790,"Castro/Upper Market","Loes","Entire home/apt",280,9
750722966259731805,"Outer Mission","Sid","Entire home/apt",143,9
23020140,"Downtown/Civic Center","Michelle","Private room",203,9
39465751,"Outer Sunset","Nick","Entire home/apt",250,9
37604044,"Inner Sunset","Matt","Entire home/apt",246,9
2062696,"Mission","Nancy","Private room",79,9
862462062512902246,"Haight Ashbury","Katarina","Entire home/apt",309,9
569835055930795335,"Castro/Upper Market","Susan","Entire home/apt",250,9
599303617759182454,"Downtown/Civic Center","Michael","Entire home/apt",130,9
615559735697986633,"Downtown/Civic Center","William","Entire home/apt",146,9
35294298,"Noe Valley","Dennise","Entire home/apt",173,9
600729270976205343,"Glen Park","Evonne","Entire home/apt",299,10
582527057339892890,"Bayview","Annette","Private room",109,10
10164802,"Downtown/Civic Center","Jim","Entire home/apt",106,10
842144155772346637,"Outer Sunset","Joshua","Entire home/apt",130,10
4533440,"Mission","Antigone","Private room",111,10
23303083,"Castro/Upper Market","Jay & Kevin","Entire home/apt",209,10
42121425,"Downtown/Civic Center","William","Entire home/apt",143,10
51050512,"Inner Sunset","Peter","Entire home/apt",151,10
48593944,"Financial District","Troy","Entire home/apt",599,10
623833252305593889,"South of Market","Duolin","Entire home/apt",128,10
643686811969785313,"Pacific Heights","Dominik","Entire home/apt",163,11
23611,"Bernal Heights","Cecilia","Entire home/apt",234,11
2130640,"Western Addition","Han Chyi And Choon Hong","Entire home/apt",395,11
6628985,"Western Addition","Sylvie","Private room",117,11
7181655,"Castro/Upper Market","Eric","Entire home/apt",900,11
20591785,"Nob Hill","Ehson","Entire home/apt",450,11
24782542,"Castro/Upper Market","Anna And Alex","Entire home/apt",287,11
27260835,"Outer Sunset","Joya","Entire home/apt",164,11
31638887,"Downtown/Civic Center","Jim","Entire home/apt",137,11
32404157,"Nob Hill","Clinton","Entire home/apt",500,11
42038351,"Russian Hill","Michelle","Entire home/apt",223,11
48227084,"Bayview","Megan","Private room",45,11
48493716,"Financial District","Troy","Entire home/apt",399,11
673432280652331390,"Mission","Minhao","Private room",187,11
728102709052672689,"Mission","Minhao","Private room",187,11
932026594141490481,"Bernal Heights","Shiv","Entire home/apt",119,11
954836454995234405,"Potrero Hill","Alejandro","Entire home/apt",672,11
50265268,"Outer Sunset","Simone","Entire home/apt",159,12
850930877112460970,"Mission","Ross","Private room",100,12
896363541357906709,"South of Market","Christian","Entire home/apt",129,12
20167050,"Parkside","Alene","Private room",40,12
10681956,"Outer Sunset","Amal","Entire home/apt",278,12
18981477,"Pacific Heights","Pam","Entire home/apt",302,12
23685499,"Downtown/Civic Center","Michelle","Private room",208,12
18810290,"Inner Sunset","Eileen","Entire home/apt",185,12
964825597318145600,"Financial District","Silvana","Private room",650,12
18209966,"Western Addition","Donna","Entire home/apt",140,12
561148,"Inner Richmond","Steve","Entire home/apt",450,12
6376338,"Inner Sunset","Richard","Entire home/apt",545,13
12025717,"Outer Sunset","Vlad & Ira","Entire home/apt",142,13
821955563580743682,"Noe Valley","Veronica","Entire home/apt",232,13
835439947787301632,"Inner Sunset","James","Entire home/apt",205,13
52951466,"Western Addition","Sinchai","Entire home/apt",275,13
53835580,"Financial District","Maryam","Entire home/apt",157,13
719702429896734732,"Ocean View","Dean","Entire home/apt",111,13
13711175,"Western Addition","Rob","Entire home/apt",179,13
29334701,"Outer Richmond","Jenny","Private room",124,13
18504951,"Mission","Catherine","Entire home/apt",950,13
38703237,"Outer Sunset","Jennifer","Entire home/apt",118,13
49585352,"Haight Ashbury","Jean","Entire home/apt",280,13
19228248,"Outer Sunset","Justin","Entire home/apt",280,13
41084860,"Outer Richmond","Tim And Lisa","Entire home/apt",115,13
27598470,"South of Market","George","Entire home/apt",254,14
933391163657637710,"South of Market","Tommy","Private room",45,14
769894881482542028,"Western Addition","Christine","Private room",155,14
642978882532791650,"Castro/Upper Market","Manit","Entire home/apt",195,14
4549330,"Haight Ashbury","Ari","Entire home/apt",245,14
861428498806932940,"Parkside","Rose","Entire home/apt",200,14
869155668470201320,"South of Market","Maggie","Entire home/apt",90,14
50323617,"Pacific Heights","Jan","Entire home/apt",125,14
27529992,"Excelsior","Ling","Entire home/apt",168,14
876868587691441197,"Noe Valley","Cici","Entire home/apt",330,14
48530225,"Outer Sunset","Hasan","Entire home/apt",350,14
883513655221345479,"Downtown/Civic Center","Christine","Private room",167,14
945055340432238726,"Western Addition","Meg","Entire home/apt",200,14
24498877,"Marina","Marc","Entire home/apt",399,14
23963992,"Western Addition","Jonathan","Entire home/apt",282,14
889308328249104059,"Chinatown","Powell Place","Entire home/apt",264,14
33091231,"Downtown/Civic Center","Michelle","Private room",165,15
44086182,"Outer Sunset","Steve","Entire home/apt",123,15
20967325,"Inner Richmond","Jen","Entire home/apt",306,15
23884346,"Downtown/Civic Center","Michelle","Private room",256,15
733229174029400479,"Castro/Upper Market","Jacob","Entire home/apt",400,15
4678599,"Noe Valley","Cooper","Entire home/apt",828,15
837814205259938492,"Nob Hill","Powell Place","Entire home/apt",164,15
28603195,"West of Twin Peaks","John","Entire home/apt",215,15
32822227,"Downtown/Civic Center","Michelle","Private room",205,15
545615207578550226,"Chinatown","William","Entire home/apt",145,15
36237325,"Marina","Susan","Entire home/apt",120,15
608328445772776049,"Downtown/Civic Center","William","Entire home/apt",151,15
669109633394326029,"Outer Sunset","Charney","Private room",111,15
886528458352482168,"Downtown/Civic Center","Christine","Private room",152,15
10829828,"Presidio Heights","Deborah","Entire home/apt",900,15
912533054564363678,"Downtown/Civic Center","Christine","Private room",152,15
42161427,"Mission","Matthew","Entire home/apt",325,16
44907640,"Bernal Heights","Eli","Entire home/apt",295,16
32748703,"Ocean View","Yusuke","Private room",43,16
11241173,"Potrero Hill","Niya","Private room",95,16
49688797,"Outer Mission","Bobby","Private room",60,16
34339911,"Outer Sunset","Shamir","Entire home/apt",1264,16
6006768,"Presidio Heights","Mimi And Mosh","Entire home/apt",156,16
557113841942944114,"South of Market","Blueground","Entire home/apt",302,16
921859588333133267,"West of Twin Peaks","Maryam","Entire home/apt",180,17
38935,"Mission","Nani","Private room",120,17
34680753,"Haight Ashbury","Jan","Entire home/apt",95,17
46037704,"Castro/Upper Market","Andrew","Entire home/apt",89,17
48082869,"Bayview","Annette","Entire home/apt",249,17
874657955467068895,"Inner Richmond","Jonah","Entire home/apt",1329,17
601608794814096081,"Mission","Robert","Entire home/apt",345,17
10347570,"Noe Valley","Vidhu","Entire home/apt",210,17
696892889280481939,"Mission","Minhao","Private room",270,17
19828873,"Potrero Hill","Sarah","Entire home/apt",550,18
762019299956515452,"Marina","Irene","Entire home/apt",140,18
6272816,"Mission","Praise","Entire home/apt",198,18
5338610,"Marina","Irene","Entire home/apt",140,18
562305811230422400,"Haight Ashbury","Rebecca","Entire home/apt",315,18
947848524272192685,"Financial District","Brad And Sarah","Entire home/apt",168,18
48593282,"Financial District","Troy","Entire home/apt",628,18
968199911077853625,"Noe Valley","Valentina","Entire home/apt",420,18
36804819,"Outer Sunset","Nick","Entire home/apt",120,19
53832688,"Visitacion Valley","Li","Entire home/apt",117,19
11352921,"Mission","Barb","Entire home/apt",245,19
47982363,"Chinatown","William","Entire home/apt",144,19
43525924,"Western Addition","Irina","Entire home/apt",109,19
37427876,"Western Addition","David","Private room",82,19
802371280044490402,"Outer Sunset","Jessica","Entire home/apt",262,19
47394310,"Nob Hill","Salman","Entire home/apt",60,19
15383658,"Bernal Heights","Rob","Private room",90,19
892104253415593502,"Potrero Hill","Boris","Entire home/apt",160,19
50242959,"Outer Sunset","Jennifer","Entire home/apt",317,19
48470000,"Castro/Upper Market","Nogah","Entire home/apt",399,19
608313662139969795,"Downtown/Civic Center","William","Entire home/apt",144,19
48712090,"Western Addition","Sonja","Private room",150,19
28459122,"Haight Ashbury","Ryan","Private room",225,20
32871760,"Mission","Zoe","Entire home/apt",250,20
54263591,"Haight Ashbury","Mirjam","Entire home/apt",254,20
18904,"Western Addition","Patrick","Private room",128,20
49017013,"Mission","Zoe","Entire home/apt",850,20
724550037597453307,"Inner Sunset","James","Private room",119,20
567487136207688174,"Mission","Denis","Entire home/apt",229,20
5945812,"Financial District","Travel En","Entire home/apt",1429,20
1906323,"Noe Valley","Debra","Entire home/apt",1000,20
12522,"Castro/Upper Market","Brenda","Private room",99,21
54243455,"Bayview","Sarah","Entire home/apt",211,21
32590109,"Downtown/Civic Center","Michelle","Private room",216,21
866734466425630944,"Ocean View","Humphrey LLC","Entire home/apt",153,21
43021523,"Nob Hill","June","Private room",104,21
40778457,"Western Addition","Maria","Entire home/apt",557,21
20478011,"Noe Valley","Luke","Entire home/apt",296,21
33069292,"Downtown/Civic Center","Michelle","Private room",145,21
3102139,"Castro/Upper Market","Lyssa","Entire home/apt",1000,21
810315,"Marina","Skt Teo","Private room",33,22
1738415,"Western Addition","Donna","Entire home/apt",139,22
6886839,"Mission","Lauren","Entire home/apt",260,22
26171533,"Crocker Amazon","Sat","Entire home/apt",114,22
52794880,"Nob Hill","Music City","Private room",108,22
13293285,"Outer Sunset","Vlad & Ira","Entire home/apt",90,22
47550223,"Noe Valley","Serhan","Private room",70,22
52009205,"Inner Richmond","Chan","Entire home/apt",639,22
23672181,"Mission","Andrea","Private room",105,22
32748841,"Ocean View","Yusuke","Entire home/apt",39,22
32500819,"Downtown/Civic Center","Michelle","Private room",198,22
38604508,"Western Addition","Kim","Private room",131,22
840715737123099534,"Mission","Jennifer","Entire home/apt",195,22
815177194249960039,"West of Twin Peaks","Barri","Entire home/apt",395,23
23681212,"Downtown/Civic Center","Michelle","Private room",196,23
45843816,"Mission","Liat","Entire home/apt",337,23
991765,"Mission","Jennifer","Entire home/apt",350,23
52285581,"Downtown/Civic Center","Veeka","Entire home/apt",199,23
908727643268822562,"Outer Sunset","Victoria","Entire home/apt",232,23
891337343416693100,"Outer Sunset","Ankita","Private room",140,23
11918849,"Western Addition","Michelle","Entire home/apt",821,23
32747602,"Inner Richmond","Victoria","Entire home/apt",237,24
621694376334515341,"North Beach","Jodi","Entire home/apt",244,24
39234266,"Bernal Heights","Josephine","Entire home/apt",161,24
45745676,"Mission","Guillermo","Private room",35,24
20750111,"Castro/Upper Market","Jonathan","Private room",221,24
15860973,"Mission","Jeff","Entire home/apt",173,24
15512995,"Bernal Heights","Susan","Entire home/apt",575,24
52220400,"West of Twin Peaks","Kina","Private room",57,24
4477314,"Haight Ashbury","Toby","Entire home/apt",300,24
6512807,"Mission","Ruby","Entire home/apt",153,24
52569239,"Chinatown","Monty","Entire home/apt",90,24
897245234853162609,"Haight Ashbury","Satyajit & Chantale","Entire home/apt",495,24
20563658,"West of Twin Peaks","Rishi","Entire home/apt",228,24
43149204,"Inner Richmond","Jonathan","Entire home/apt",120,24
49318980,"Haight Ashbury","John L","Private room",92,25
42646014,"Haight Ashbury","Channing","Entire home/apt",318,25
9631802,"Western Addition","Dan And Jennifer","Private room",125,25
545685,"Outer Richmond","Su","Entire home/apt",76,25
848583529793021193,"Castro/Upper Market","Kara","Entire home/apt",201,25
1887206,"Bayview","Zak","Entire home/apt",200,26
697226509493400648,"Western Addition","Karla","Entire home/apt",320,26
6020579,"Bernal Heights","Janine","Entire home/apt",245,26
6970746,"Presidio Heights","Laurie","Private room",145,26
36104628,"Western Addition","Michael","Entire home/apt",362,26
24670819,"Haight Ashbury","Young","Entire home/apt",190,26
1276953,"Western Addition","David","Entire home/apt",299,26
942269503256041211,"Inner Sunset","Lisa","Entire home/apt",401,26
29928078,"Castro/Upper Market","Amy","Entire home/apt",395,26
871236294484375864,"Inner Sunset","C.J.","Entire home/apt",250,26
53800185,"Potrero Hill","Anran","Entire home/apt",230,26
16178751,"Mission","Andrew","Entire home/apt",200,27
53660857,"Bernal Heights","Lisa","Entire home/apt",461,27
37750486,"Glen Park","Brian","Entire home/apt",110,27
51280287,"Haight Ashbury","Paul","Entire home/apt",155,27
44950035,"Nob Hill","Mark","Entire home/apt",125,27
821898577032336089,"Mission","Edgar","Entire home/apt",180,27
43821247,"Parkside","Audrey And Humphrey","Private room",99,27
1728497,"Western Addition","Cynthia","Entire home/apt",599,27
720364547493972321,"Castro/Upper Market","Babak","Entire home/apt",169,27
52633005,"Presidio Heights","Beth","Entire home/apt",120,27
20696391,"Noe Valley","Nicøle","Entire home/apt",99,27
772507224849893310,"Inner Richmond","Lawrence","Entire home/apt",415,27
603452864595314035,"Russian Hill","Ken","Entire home/apt",849,28
11185685,"Mission","Bernat","Entire home/apt",97,28
899131063106514733,"Bayview","Hilda","Private room",65,28
628553617893724546,"Haight Ashbury","Ilmi","Entire home/apt",249,28
33667375,"Castro/Upper Market","Tara","Private room",145,28
32920800,"Downtown/Civic Center","Michelle","Private room",229,28
900393375913766497,"Lakeshore","Peyton","Entire home/apt",225,28
35286441,"Mission","Ko","Entire home/apt",511,28
18140914,"Noe Valley","Sandhya","Entire home/apt",163,28
35132748,"Bernal Heights","Tony","Entire home/apt",250,28
614469846654893399,"Noe Valley","Tilly","Entire home/apt",350,29
17585947,"Outer Richmond","Elizabeth","Entire home/apt",222,29
4936887,"Western Addition","Simone","Entire home/apt",325,29
14294502,"Noe Valley","Pam","Entire home/apt",140,29
37357200,"Mission","Jennifer","Entire home/apt",95,29
845024215728794574,"Potrero Hill","Samantha & Stephen","Entire home/apt",500,29
51331893,"Pacific Heights","Laney","Entire home/apt",105,29
938382380145158969,"Bernal Heights","Cecilia","Private room",120,29
41854828,"Bernal Heights","Josephine","Entire home/apt",155,29
39896249,"Excelsior","Athena","Private room",104,29
52773447,"Inner Sunset","Jan","Entire home/apt",95,29
2311428,"Bernal Heights","Brett","Entire home/apt",250,29
53166508,"Presidio Heights","Kate","Entire home/apt",435,29
835592277755731703,"Inner Richmond","Mercy","Entire home/apt",250,29
13845578,"Visitacion Valley","Lance","Entire home/apt",174,29
48712496,"Western Addition","Sonja","Private room",140,30
940544434515720928,"Outer Sunset","In Cheul","Entire home/apt",249,30
20450156,"South of Market","Tiffany","Private room",99,30
726996394042139455,"Mission","David","Entire home/apt",339,30
27727846,"Outer Sunset","Lynn & Ray","Private room",90,30
948248351912703144,"Outer Sunset","Eugene","Entire home/apt",350,30
5707532,"Pacific Heights","Hunter","Entire home/apt",518,30
33495561,"Outer Richmond","Matthew And Haihai","Entire home/apt",214,30
50680917,"Outer Richmond","Anwen","Entire home/apt",95,30
474107,"Excelsior","Inés","Private room",70,30
965323063653328178,"Noe Valley","Serhan","Private room",52,30
11494067,"Bernal Heights","Catherine","Entire home/apt",145,30
9730358,"South of Market","Cindy","Private room",178,31
40571411,"Visitacion Valley","Bonita","Private room",100,31
21796486,"Mission","Jeff","Private room",60,31
42207965,"Pacific Heights","Jr","Entire home/apt",500,31
45223836,"Noe Valley","Kim","Private room",127,31
284117,"Glen Park","Samantha","Entire home/apt",89,31
868379679068053794,"Outer Sunset","Hannah","Entire home/apt",695,31
52126879,"Outer Richmond","Yvi","Entire home/apt",200,31
857523303571260147,"Ocean View","Marco & Mariko","Entire home/apt",113,31
11122531,"Noe Valley","Amanda","Entire home/apt",150,31
3720392,"Inner Sunset","Kelly","Entire home/apt",145,31
31994835,"Downtown/Civic Center","Jeffrey & Susan & Bryce","Private room",324,31
640007733812684635,"Potrero Hill","Mitchell","Entire home/apt",349,31
7202063,"South of Market","Dustin","Entire home/apt",129,31
23179561,"Downtown/Civic Center","Jeffrey & Susan & Bryce","Private room",324,31
628157979583475896,"West of Twin Peaks","Amelie","Entire home/apt",350,32
596925242101070405,"Financial District","Jesse","Entire home/apt",227,32
621880045400930091,"Mission","Ishai","Entire home/apt",103,32
859336,"Castro/Upper Market","Anka","Private room",110,32
3721927,"Inner Sunset","Kelly","Entire home/apt",163,32
49101007,"West of Twin Peaks","Jaehak","Entire home/apt",164,32
54196877,"Lakeshore","Marie","Entire home/apt",99,32
931996376053948583,"Bayview","Malcolm","Entire home/apt",92,32
1932019,"Inner Sunset","Martha","Entire home/apt",97,32
41979414,"Inner Sunset","Carol","Private room",113,32
710754028556317508,"Haight Ashbury","Benjamin","Entire home/apt",227,32
835644139077998382,"Outer Richmond","Rick","Entire home/apt",167,32
7180020,"South of Market","Vera","Entire home/apt",304,32
7476075,"South of Market","Michael","Entire home/apt",100,32
16079346,"Haight Ashbury","Monette","Private room",126,32
1841832,"Nob Hill","AC And Linda","Entire home/apt",89,32
648576015044455600,"Downtown/Civic Center","Todd","Entire home/apt",173,32
890661100126471434,"South of Market","Michelle","Entire home/apt",104,32
924393324909950105,"Outer Sunset","Theresa","Entire home/apt",321,32
25808640,"Visitacion Valley","Mehul","Entire home/apt",182,32
13224465,"Russian Hill","Nick And Tien","Entire home/apt",310,33
14760041,"Inner Sunset","Kimberley","Entire home/apt",205,33
13299858,"Mission","Michael","Entire home/apt",220,33
861107959804659415,"South of Market","Tony","Private room",45,33
51930358,"Outer Richmond","Berlin","Private room",58,33
13153289,"Noe Valley","Micki","Entire home/apt",275,33
605188872190777472,"Excelsior","Erwin","Private room",50,33
48753894,"Inner Sunset","Dennis","Private room",160,33
36565368,"Downtown/Civic Center","Extra Holidays®","Private room",163,33
41342042,"Bayview","Eric","Private room",55,33
21529297,"Western Addition","Charlie","Private room",88,33
765602022730771420,"Mission","Fei","Private room",94,33
674157409393500371,"Inner Sunset","Christina","Entire home/apt",244,33
5537718,"Bernal Heights","Melodie","Entire home/apt",675,33
752794360610451115,"Noe Valley","Kim","Private room",67,33
208831,"Russian Hill","Peter","Entire home/apt",165,33
13806046,"Outer Sunset","Lynn & Ray","Private room",121,33
28074409,"Russian Hill","Erik","Entire home/apt",521,34
44667442,"Excelsior","Ruth","Entire home/apt",146,34
648470968250592805,"Parkside","Charney","Private room",140,34
829185,"Mission","Shannon","Entire home/apt",500,34
891528866758730368,"Inner Sunset","Anna","Entire home/apt",395,34
605899018898657107,"South of Market","Himanshu","Entire home/apt",199,34
41431867,"West of Twin Peaks","JoAnn","Entire home/apt",200,34
900706006037079417,"Mission","Guillaume","Entire home/apt",311,34
37461095,"Mission","Sheng","Private room",72,34
53662536,"Mission","Kristina","Entire home/apt",500,34
940594030090632413,"Noe Valley","Dan","Entire home/apt",800,34
874203992849868153,"Noe Valley","Karmin","Entire home/apt",232,34
51754361,"Mission","Melissa","Entire home/apt",471,34
786735857366228887,"North Beach","Rouslan","Entire home/apt",120,35
18615032,"Castro/Upper Market","Rudy","Entire home/apt",189,35
786781913839264554,"North Beach","Milena","Entire home/apt",103,35
10998250,"Russian Hill","Skt Teo","Private room",69,35
571085329824921374,"Noe Valley","Won Chan (원찬)","Entire home/apt",347,35
718798897889873909,"Pacific Heights","Eric","Entire home/apt",224,36
33900698,"Bayview","Diane","Entire home/apt",107,36
21475595,"Excelsior","Yj","Entire home/apt",179,36
18739271,"Outer Mission","Ava","Private room",189,36
50418118,"Inner Richmond","Patti","Entire home/apt",168,36
940852198036028861,"Western Addition","Meg","Private room",93,36
8717641,"Inner Richmond","Toni","Entire home/apt",190,36
738598223680614119,"South of Market","Ray","Private room",50,36
21189031,"Noe Valley","David","Entire home/apt",152,36
14996188,"Inner Sunset","Suzanne","Entire home/apt",152,36
36565347,"Downtown/Civic Center","Extra Holidays®","Private room",172,36
377301,"Bernal Heights","Julia","Entire home/apt",159,36
23804136,"Western Addition","Julia","Entire home/apt",549,37
34534317,"Marina","Karen","Entire home/apt",165,37
590450367241332554,"Noe Valley","Jill","Entire home/apt",167,37
28028464,"Inner Sunset","Blair","Entire home/apt",517,37
965246248927073049,"Downtown/Civic Center","Brad And Sarah","Entire home/apt",186,37
11851112,"Inner Richmond","Wanda","Entire home/apt",160,37
17405370,"Russian Hill","Peter","Entire home/apt",247,37
1460174,"Western Addition","Julia","Entire home/apt",549,37
12037978,"Bernal Heights","Marilee","Entire home/apt",228,37
29797894,"South of Market","Collin","Entire home/apt",169,37
958797536622508477,"Mission","Dagmar","Entire home/apt",383,37
43717711,"Parkside","Alene","Private room",45,37
36376757,"Outer Richmond","Arthur","Entire home/apt",400,37
50306339,"Russian Hill","Jaqi","Entire home/apt",700,37
7220035,"Nob Hill","Mary","Entire home/apt",161,37
851565538080570681,"Nob Hill","Powell Place","Entire home/apt",264,37
691023,"Castro/Upper Market","Mickey","Entire home/apt",571,37
6272183,"Inner Sunset","Elizabeth","Entire home/apt",95,37
752448656652032305,"Western Addition","Antonia And Nick","Entire home/apt",311,38
1550913,"Mission","Seth And Alexa","Entire home/apt",159,38
26099225,"Outer Sunset","Molly","Entire home/apt",109,38
23686364,"Western Addition","Michelle","Private room",172,38
943472962097182323,"South of Market","Ray","Private room",100,38
953222477936810855,"Western Addition","Aubrey","Entire home/apt",271,38
50216842,"Castro/Upper Market","Bradley","Entire home/apt",185,38
48486251,"Parkside","Elizabeth","Entire home/apt",137,38
577810610514169260,"Inner Sunset","Zhou","Entire home/apt",125,39
40984912,"Bernal Heights","Joan","Entire home/apt",196,39
19922726,"Castro/Upper Market","Todd","Private room",193,39
11659435,"Potrero Hill","Loren","Entire home/apt",232,39
4962043,"Bayview","Brendan","Entire home/apt",204,39
2349483,"Potrero Hill","Dave And Frances","Private room",130,39
904341099277367397,"Downtown/Civic Center","Randal","Entire home/apt",195,39
935539326896098839,"Western Addition","Jenna","Entire home/apt",700,39
937879129967076278,"Lakeshore","Yu Chang","Private room",52,39
947834879349345601,"Financial District","Brad And Sarah","Entire home/apt",168,39
755443438664478494,"Western Addition","Taliah","Entire home/apt",141,40
803658082637087080,"Nob Hill","Powell Place","Entire home/apt",264,40
45236883,"Diamond Heights","Miranda","Entire home/apt",595,40
25288190,"Outer Richmond","Elizabeth","Entire home/apt",555,40
678273142578123987,"Downtown/Civic Center","Kim","Entire home/apt",450,40
51312294,"Inner Richmond","Michael","Entire home/apt",290,40
669776926501094655,"Downtown/Civic Center","Kim","Entire home/apt",300,40
48887669,"Bernal Heights","Adrian","Entire home/apt",104,40
628068,"Financial District","Momchil","Entire home/apt",105,40
840755927573523585,"Twin Peaks","Henri","Entire home/apt",160,40
579290147030699716,"Castro/Upper Market","Riddhi","Entire home/apt",125,40
32291443,"Bernal Heights","Kadir","Entire home/apt",140,40
21530578,"Western Addition","Charlie","Private room",69,40
39226039,"Noe Valley","Kim","Private room",72,40
12725886,"Inner Sunset","Debbie","Private room",129,40
10834961,"Western Addition","Emilie","Entire home/apt",275,41
45805136,"Crocker Amazon","Joshin","Private room",90,41
48640926,"Outer Sunset","Maximilian","Private room",118,41
633566725728505100,"Outer Richmond","Ricky","Entire home/apt",194,41
32157974,"Russian Hill","Christian","Entire home/apt",836,41
10981310,"Castro/Upper Market","Maggie","Private room",207,41
3290739,"Marina","Alison","Private room",122,41
604268827029590871,"Haight Ashbury","Amsi","Entire home/apt",245,41
789056867376893326,"Excelsior","Cheryl","Entire home/apt",153,41
690193375801701189,"Mission","Fei","Private room",71,41
803858959410190155,"Outer Richmond","Landy","Entire home/apt",499,41
925369618737352813,"Nob Hill","Randal","Entire home/apt",195,41
50622262,"Noe Valley","Thea","Private room",90,41
21281754,"Castro/Upper Market","Cristina","Entire home/apt",221,42
720449503819488168,"Outer Richmond","Ying","Entire home/apt",200,42
23813739,"Bayview","Linda","Private room",68,42
4695477,"Inner Sunset","Maria","Entire home/apt",158,42
10925833,"Twin Peaks","Eric","Entire home/apt",349,42
680050881308191491,"Western Addition","Tomas","Entire home/apt",185,42
799558825273389414,"Western Addition","Aida","Entire home/apt",482,42
22214202,"Bernal Heights","Tiffany","Entire home/apt",131,42
925391856378177697,"Nob Hill","Randal","Entire home/apt",195,42
52635383,"Downtown/Civic Center","Dar","Private room",80,42
47403596,"Downtown/Civic Center","Edlira","Entire home/apt",130,42
52848843,"Bernal Heights","Franklin","Entire home/apt",305,42
591422714407711224,"Potrero Hill","Jaron","Private room",328,43
3759368,"Castro/Upper Market","Sung","Entire home/apt",155,43
21370662,"Castro/Upper Market","Florian","Entire home/apt",195,43
652407926580004725,"Outer Sunset","Andre","Entire home/apt",161,43
15613006,"Inner Richmond","Emily","Entire home/apt",380,43
50241143,"Outer Mission","Aleksandra","Entire home/apt",195,43
24723,"Pacific Heights","Cynthia","Entire home/apt",199,43
861569667398693436,"Haight Ashbury","Benjamin","Private room",93,43
8270952,"Castro/Upper Market","Bruce","Entire home/apt",150,44
42307530,"Mission","Marc","Entire home/apt",110,44
37122067,"North Beach","Amsi","Entire home/apt",178,44
742277654241557284,"Noe Valley","Ilya","Entire home/apt",799,44
22469468,"Visitacion Valley","Cédric & Jun","Private room",79,44
884168412609575663,"Outer Sunset","Theresa","Entire home/apt",229,44
623906,"Noe Valley","Judy","Entire home/apt",119,44
765519459046574762,"Mission","Fei","Private room",84,44
20608608,"Glen Park","Amber","Entire home/apt",250,44
52341301,"Outer Sunset","Ken","Private room",76,44
42856533,"Parkside","Juanjuan","Entire home/apt",182,44
600141797225938634,"Outer Sunset","Tom","Entire home/apt",98,44
52338790,"Excelsior","Kylie","Entire home/apt",108,45
22430481,"Outer Sunset","Molly","Entire home/apt",141,45
835546710712508711,"Potrero Hill","Jaron","Entire home/apt",264,45
23359001,"Nob Hill","Jennifer","Entire home/apt",117,45
50679278,"Western Addition","Giulia","Private room",155,45
34450438,"Mission","Oscar","Entire home/apt",108,45
742074562686629218,"Castro/Upper Market","Gabriel","Private room",135,45
32962090,"Glen Park","Jon","Entire home/apt",116,45
40848401,"Inner Richmond","Jennifer","Entire home/apt",155,45
21584555,"Western Addition","Julian","Private room",157,45
51248658,"Glen Park","Steve & Mimi","Entire home/apt",126,45
946297996849168859,"Outer Richmond","Ken","Entire home/apt",250,46
755781070503654478,"Downtown/Civic Center","Todd","Entire home/apt",173,46
624238249806327544,"Outer Sunset","Maximilian","Private room",80,46
3994686,"Potrero Hill","Dave","Entire home/apt",425,46
606712107820843616,"Outer Sunset","Marie","Entire home/apt",280,46
31708854,"Western Addition","Brian","Private room",232,46
824053442345006063,"Outer Mission","Barry","Entire home/apt",210,46
53663762,"Excelsior","Xuan","Entire home/apt",250,46
14691164,"Castro/Upper Market","Tim","Entire home/apt",279,46
17016637,"Lakeshore","May","Private room",87,46
44377815,"Mission","Mayank","Entire home/apt",250,46
21233544,"Outer Sunset","Michele","Entire home/apt",98,46
29393766,"Parkside","Gerard & Alicia","Entire home/apt",88,46
954351597751390977,"Outer Richmond","Li","Entire home/apt",307,46
32898423,"Nob Hill","Salman","Entire home/apt",85,46
918284324753952439,"Noe Valley","Brooke","Entire home/apt",452,47
17570252,"Castro/Upper Market","Sari","Entire home/apt",125,47
886460587926538205,"Outer Richmond","Yi Wen","Private room",65,47
23883643,"Bernal Heights","Roya","Entire home/apt",181,47
32867573,"South of Market","Rams","Hotel room",86,47
644214707147593819,"Mission","Josh","Entire home/apt",139,47
556544651659057280,"Bayview","Elnaz","Entire home/apt",135,47
796387159841829540,"Mission","Diana","Entire home/apt",96,47
50361081,"Bernal Heights","Kevin","Entire home/apt",153,47
930539258556570508,"Mission","Lyssette","Entire home/apt",172,47
16336782,"Outer Sunset","Renita","Entire home/apt",230,47
2115503,"Outer Richmond","Ant","Entire home/apt",146,47
14501673,"Downtown/Civic Center","Carlos & Graciela","Entire home/apt",125,48
51265257,"Western Addition","Benoîte","Private room",79,48
28181442,"Western Addition","Yoram","Private room",165,48
48135674,"Mission","Kunal","Entire home/apt",159,48
792284781340811036,"Bernal Heights","Laura","Entire home/apt",338,48
969623146233107396,"Downtown/Civic Center","Brad And Sarah","Entire home/apt",286,48
557495084030707502,"Mission","Darren","Entire home/apt",355,48
874521487690179568,"Mission","Kris","Entire home/apt",220,48
23567834,"Western Addition","Terry","Entire home/apt",170,48
21125429,"Inner Richmond","Liz And Luis","Entire home/apt",210,48
46920923,"Bernal Heights","Adrian","Entire home/apt",187,48
53044428,"Haight Ashbury","Carol","Private room",96,49
544227519546878806,"Excelsior","Stan And Liza","Entire home/apt",164,49
6887081,"Noe Valley","Tyson","Entire home/apt",379,49
50618497,"Outer Sunset","Tom","Entire home/apt",143,49
29988443,"West of Twin Peaks","Gordon","Entire home/apt",125,49
32496599,"Outer Richmond","Hank","Entire home/apt",192,49
27491792,"Excelsior","Hanna","Entire home/apt",210,49
791302059565306954,"Inner Richmond","Zachary","Entire home/apt",165,49
18669935,"Western Addition","Sarah","Entire home/apt",245,49
581843328527305045,"Outer Sunset","Cindy And Michelle","Private room",65,49
48257958,"Outer Sunset","Maximilian","Private room",135,49
10752189,"Haight Ashbury","Ilya","Entire home/apt",95,49
34791677,"Pacific Heights","Matthew","Entire home/apt",328,49
840786561627431207,"West of Twin Peaks","Andy","Entire home/apt",399,49
14619235,"Noe Valley","Irene","Entire home/apt",375,49
839973348782294568,"Inner Richmond","Craig And Kate","Entire home/apt",230,49
48013359,"Bernal Heights","Maura","Entire home/apt",134,50
45867341,"South of Market","Beth","Entire home/apt",110,50
17367074,"Excelsior","Mauricio","Entire home/apt",135,50
1494503,"Haight Ashbury","Genevieve","Entire home/apt",300,50
50331188,"Inner Richmond","Yee Hung","Private room",128,50
659434594145060945,"Mission","Lindy","Private room",252,50
14153586,"Inner Richmond","Monica","Private room",49,50
23209264,"Bayview","Linda","Entire home/apt",108,50
12905538,"Outer Sunset","Freya","Entire home/apt",166,50
37538105,"Ocean View","Eric","Entire home/apt",158,50
808545838511216072,"Nob Hill","Brad And Sarah","Entire home/apt",351,50
3079929,"Mission","Brian","Entire home/apt",400,50
34684071,"Parkside","Sam & Binbin","Entire home/apt",123,50
28053384,"Parkside","Thomas","Private room",92,50
699874676728842345,"Visitacion Valley","Sean","Entire home/apt",109,50
786203731439888508,"Outer Richmond","Irina","Entire home/apt",292,50
7699276,"Castro/Upper Market","Matthew","Private room",350,50
4026354,"Parkside","Candy","Entire home/apt",202,50
